filename,url
41.json,https://files.catbox.moe/7xyg56.json
42.json,https://files.catbox.moe/yr0afz.json
43.json,https://files.catbox.moe/2g0zmo.json
44.json,https://files.catbox.moe/b749qq.json
45.json,https://files.catbox.moe/tg6vq9.json
46.json,https://files.catbox.moe/5f7mu9.json
47.json,https://files.catbox.moe/hor8t7.json
48.json,https://files.catbox.moe/dwcjp1.json
49.json,https://files.catbox.moe/u8sbo3.json
50.json,https://files.catbox.moe/axitm6.json
51.json,https://files.catbox.moe/xa5574.json
52.json,https://files.catbox.moe/f6k2ix.json
53.json,https://files.catbox.moe/pdsd0t.json
54.json,https://files.catbox.moe/84yj39.json
55.json,https://files.catbox.moe/ibltys.json
56.json,https://files.catbox.moe/qiztcw.json
57.json,https://files.catbox.moe/ex47sw.json
58.json,https://files.catbox.moe/7j3cui.json
59.json,https://files.catbox.moe/u1f69n.json
60.json,https://files.catbox.moe/5hqs16.json
61.json,https://files.catbox.moe/ez6q3a.json
62.json,https://files.catbox.moe/nd6y2a.json
63.json,https://files.catbox.moe/5auqjn.json
64.json,https://files.catbox.moe/zxb0gk.json
65.json,https://files.catbox.moe/l48efa.json
66.json,https://files.catbox.moe/2kfml4.json
