filename,url
players_1.sqlite,https://files.catbox.moe/08buma.sqlite
players_2.sqlite,https://files.catbox.moe/kygrkr.sqlite
players_3.sqlite,https://files.catbox.moe/2rap2h.sqlite
players_4.sqlite,https://files.catbox.moe/8zrfyh.sqlite
players_5.sqlite,https://files.catbox.moe/8f5l7t.sqlite
players_6.sqlite,https://files.catbox.moe/8m62c2.sqlite
players_7.sqlite,https://files.catbox.moe/1pzir7.sqlite
players_8.sqlite,https://files.catbox.moe/29v1fx.sqlite
players_9.sqlite,https://files.catbox.moe/4zp4go.sqlite
players_10.sqlite,https://files.catbox.moe/gud9ni.sqlite
players_11.sqlite,https://files.catbox.moe/vgoz9c.sqlite
